{
  "metadata": {
    "seed": 42,
    "git_commit": "0912c74",
    "timestamp": "2026-02-07T09:24:52.164731",
    "python_version": "3.10.13",
    "platform": "macOS-26.0.1-arm64-arm-64bit",
    "numpy_version": "1.26.4",
    "config": {
      "n_sims": 10,
      "t_steps": 100,
      "mu": 0.08,
      "sigma": 0.15,
      "agent": "NaiveBayesKelly"
    }
  },
  "data": {
    "terminal_wealth": [
      54.80585950358362,
      28.548084038418324,
      4.082611334296085,
      13.10721019486361,
      53.781664458169445,
      2.7073848305229324,
      10.315283357687118,
      2.270735498534511,
      11.082464672404981,
      1.251088740001923
    ],
    "max_drawdown": [
      0.25139926773815374,
      0.31737999231970926,
      0.21089439094752688,
      0.26158015748962526,
      0.2676649089093607,
      0.1647001426875472,
      0.17220435770551024,
      0.07265588441222516,
      0.21299343563265932,
      0.10563177266164656
    ],
    "cagr": [
      24089.40062906917,
      4655.439403930588,
      33.638880942839336,
      653.8259256052064,
      22970.97218986506,
      11.303423631828455,
      357.0737868993244,
      6.898410555238757,
      428.02600373123244,
      0.7585958776309876
    ],
    "ruin_count": 0,
    "survival_rate": 1.0,
    "median_wealth": 10.69887401504605,
    "mean_wealth": 18.195238662848254,
    "wealth_std": 19.576056379736293,
    "median_max_dd": 0.2119439132900931,
    "p95_max_dd": 0.29500820478505235
  }
}